civic_var_id	civic_gene_id	source	chromosome	start_position	reference_allele	alternative_allele
691	12271	gDNA	chr1	8013449	C	A
609	2073	gDNA	chr1	11117039	C	A
542	2073	gDNA	chr1	11124516	G	T
284	2073	gDNA	chr1	11124523	G	A
470	2073	gDNA	chr1	11127037	G	T
610	2073	gDNA	chr1	11127739	G	A
283	2073	gDNA	chr1	11128462	G	A
544	2073	gDNA	chr1	11130747	C	T
543	2073	gDNA	chr1	11157173	C	T
258	3672	gDNA	chr1	11796321	G	A
822	3090	gDNA	chr1	64845520	C	A
614	3090	gDNA	chr1	64855650	G	A
1291	3090	gDNA	chr1	64860154	G	A
737	1526	gDNA	chr1	97450058	C	T
738	1526	gDNA	chr1	97515787	A	C
893	36	gDNA	chr1	114713907	T	G
95	36	gDNA	chr1	114713908	T	A
96	36	gDNA	chr1	114713908	T	C
427	36	gDNA	chr1	114713909	G	T
93	36	gDNA	chr1	114716123	C	T
895	36	gDNA	chr1	114716124	C	A
896	36	gDNA	chr1	114716124	C	G
878	36	gDNA	chr1	114716126	C	T
897	36	gDNA	chr1	114716127	C	A
898	36	gDNA	chr1	114716127	C	T
456	1842	gDNA	chr1	161509955	A	G
457	1844	gDNA	chr1	161544752	A	C
458	1843	gDNA	chr1	161674008	T	C
139	51	gDNA	chr1	162754625	C	G
140	51	gDNA	chr1	162759840	T	G
141	51	gDNA	chr1	162759881	G	T
142	51	gDNA	chr1	162772032	G	A
143	51	gDNA	chr1	162775707	A	T
145	51	gDNA	chr1	162778600	T	A
144	51	gDNA	chr1	162778617	G	T
1227	7936	gDNA	chr1	243695714	C	T
320	4532	gDNA	chr2	21904292	C	T
480	18	gDNA	chr2	25234307	G	A
9	1	gDNA	chr2	29209798	C	T
552	1	gDNA	chr2	29209816	C	G
552	1	gDNA	chr2	29209816	C	G
551	1	gDNA	chr2	29213993	A	C
551	1	gDNA	chr2	29213993	A	C
1295	1	gDNA	chr2	29213994	A	C
172	1	gDNA	chr2	29220734	G	T
171	1	gDNA	chr2	29220747	C	T
1275	1	gDNA	chr2	29220759	G	A
7	1	gDNA	chr2	29220765	G	T
1661	1	gDNA	chr2	29220776	C	G
528	1	gDNA	chr2	29220813	C	G
8	1	gDNA	chr2	29220829	G	T
527	1	gDNA	chr2	29222347	A	G
588	1	gDNA	chr2	29222347	A	T
589	1	gDNA	chr2	29222347	A	C
6	1	gDNA	chr2	29222392	C	T
307	1	gDNA	chr2	29222404	A	C
173	1	gDNA	chr2	29222405	-	CGT
1493	1	gDNA	chr2	29222407	G	A
770	3628	gDNA	chr2	47410241	A	T
762	3628	gDNA	chr2	47414294	T	-
727	3628	gDNA	chr2	47429812	C	T
773	3628	gDNA	chr2	47463092	A	G
761	2478	gDNA	chr2	47791078	C	A
775	2478	gDNA	chr2	47799037	G	A
765	2478	gDNA	chr2	47800655	TC	-
755	2478	gDNA	chr2	47800897	A	T
776	2478	gDNA	chr2	47806281	C	T
767	2478	gDNA	chr2	47806282	G	A
1686	154	gDNA	chr2	157766004	C	A
565	44	gDNA	chr2	197402110	T	C
114	44	gDNA	chr2	197402635	C	A
650	761	gDNA	chr2	201284866	G	C
420	26	gDNA	chr2	208248388	C	T
880	26	gDNA	chr2	208248388	C	A
59	26	gDNA	chr2	208248389	G	A
927	26	gDNA	chr2	208248389	G	C
928	26	gDNA	chr2	208248389	G	T
846	58	gDNA	chr3	10141845	GGAATGCCCCGGAGGGC	-
847	58	gDNA	chr3	10141847	AATGCCCCGGAGGGCGGAGAA	-
848	58	gDNA	chr3	10141850	G	A
849	58	gDNA	chr3	10141866	A	G
1294	58	gDNA	chr3	10141871	G	A
1694	58	gDNA	chr3	10141883	G	C
850	58	gDNA	chr3	10141921	C	T
1733	58	gDNA	chr3	10141983	G	T
1734	58	gDNA	chr3	10142001	G	A
766	58	gDNA	chr3	10142009	G	-
829	58	gDNA	chr3	10142009	GGAGG	-
764	58	gDNA	chr3	10142010	GA	-
794	58	gDNA	chr3	10142012	G	A
1911	58	gDNA	chr3	10142020	-	C
1911	58	gDNA	chr3	10142020	-	C
1929	58	gDNA	chr3	10142022	C	-
1930	58	gDNA	chr3	10142022	C	T
1750	58	gDNA	chr3	10142026	G	-
1931	58	gDNA	chr3	10142030	C	G
2300	58	gDNA	chr3	10142035	T	C
2300	58	gDNA	chr3	10142035	T	C
1867	58	gDNA	chr3	10142038	G	C
1903	58	gDNA	chr3	10142040	T	C
2011	58	gDNA	chr3	10142040	T	G
2130	58	gDNA	chr3	10142041	C	-
1787	58	gDNA	chr3	10142041	C	G
1788	58	gDNA	chr3	10142041	C	T
1789	58	gDNA	chr3	10142042	G	-
1811	58	gDNA	chr3	10142041	C	A
1936	58	gDNA	chr3	10142044	T	G
1873	58	gDNA	chr3	10142049	T	C
2122	58	gDNA	chr3	10142050	C	A
1834	58	gDNA	chr3	10142055	G	T
1956	58	gDNA	chr3	10142055	G	A
1904	58	gDNA	chr3	10142061	T	C
2041	58	gDNA	chr3	10142062	C	-
1752	58	gDNA	chr3	10142064	C	T
1999	58	gDNA	chr3	10142068	T	G
1926	58	gDNA	chr3	10142071	TCT	-
2015	58	gDNA	chr3	10142071	TCT	-
1749	58	gDNA	chr3	10142073	T	A
1835	58	gDNA	chr3	10142074	T	C
2123	58	gDNA	chr3	10142075	CTG	-
2107	58	gDNA	chr3	10142075	C	G
1754	58	gDNA	chr3	10142079	A	C
2113	58	gDNA	chr3	10142079	A	T
1755	58	gDNA	chr3	10142080	A	G
1756	58	gDNA	chr3	10142080	A	C
2037	58	gDNA	chr3	10142080	A	T
1791	58	gDNA	chr3	10142083	G	C
1963	58	gDNA	chr3	10142085	A	C
2106	58	gDNA	chr3	10142085	A	G
1757	58	gDNA	chr3	10142086	G	T
1874	58	gDNA	chr3	10142086	G	A
1837	58	gDNA	chr3	10142088	C	T
2084	58	gDNA	chr3	10142089	C	T
2241	58	gDNA	chr3	10142091	C	T
1980	58	gDNA	chr3	10142092	G	C
2110	58	gDNA	chr3	10142092	G	T
1815	58	gDNA	chr3	10142097	G	T
1937	58	gDNA	chr3	10142097	G	C
2101	58	gDNA	chr3	10142097	G	A
2020	58	gDNA	chr3	10142101	T	C
1759	58	gDNA	chr3	10142103	C	G
1902	58	gDNA	chr3	10142103	C	T
1760	58	gDNA	chr3	10142104	C	T
1849	58	gDNA	chr3	10142104	C	G
2307	58	gDNA	chr3	10142104	C	A
2068	58	gDNA	chr3	10142107	T	C
1761	58	gDNA	chr3	10142109	T	A
2039	58	gDNA	chr3	10142110	GGC	TT
2056	58	gDNA	chr3	10142109	T	C
1966	58	gDNA	chr3	10142110	G	C
2151	58	gDNA	chr3	10142110	G	A
2242	58	gDNA	chr3	10142110	G	T
2124	58	gDNA	chr3	10142111	G	C
1793	58	gDNA	chr3	10142113	T	C
2308	58	gDNA	chr3	10142113	T	A
2149	58	gDNA	chr3	10142116	A	T
1859	58	gDNA	chr3	10142124	G	A
1920	58	gDNA	chr3	10142124	G	C
2008	58	gDNA	chr3	10142124	G	T
1858	58	gDNA	chr3	10142125	G	A
1794	58	gDNA	chr3	10142127	G	T
2173	58	gDNA	chr3	10142127	G	A
1848	58	gDNA	chr3	10142133	C	T
1818	58	gDNA	chr3	10142134	A	C
2160	58	gDNA	chr3	10142136	C	-
852	58	gDNA	chr3	10142138	CTACCCAACGCTGCCGCCTG	-
1741	58	gDNA	chr3	10142139	T	C
1933	58	gDNA	chr3	10142140	A	G
1860	58	gDNA	chr3	10142149	T	G
2058	58	gDNA	chr3	10142151	C	-
1927	58	gDNA	chr3	10142154	C	G
2043	58	gDNA	chr3	10142158	G	C
1839	58	gDNA	chr3	10142160	A	C
2007	58	gDNA	chr3	10142166	C	G
1840	58	gDNA	chr3	10142167	G	C
2044	58	gDNA	chr3	10142167	G	A
2156	58	gDNA	chr3	10142178	A	C
2243	58	gDNA	chr3	10142178	A	G
1763	58	gDNA	chr3	10142179	G	A
1764	58	gDNA	chr3	10142180	C	G
2003	58	gDNA	chr3	10142180	C	A
1865	58	gDNA	chr3	10142181	T	C
2006	58	gDNA	chr3	10142181	T	A
2143	58	gDNA	chr3	10142183	C	-
1766	58	gDNA	chr3	10142183	C	A
1796	58	gDNA	chr3	10142184	C	T
1797	58	gDNA	chr3	10142187	G	T
1857	58	gDNA	chr3	10142187	G	C
2026	58	gDNA	chr3	10142187	G	A
2074	58	gDNA	chr3	10142188	G	T
2114	58	gDNA	chr3	10142188	G	A
2104	58	gDNA	chr3	10142192	G	C
2133	58	gDNA	chr3	10146512	A	C
1921	58	gDNA	chr3	10146516	C	T
1885	58	gDNA	chr3	10146517	A	C
1742	58	gDNA	chr3	10146518	C	A
1767	58	gDNA	chr3	10146524	G	T
1821	58	gDNA	chr3	10146524	G	A
1798	58	gDNA	chr3	10146526	T	C
1822	58	gDNA	chr3	10146526	T	G
2119	58	gDNA	chr3	10146529	T	C
1743	58	gDNA	chr3	10146530	C	G
1914	58	gDNA	chr3	10146531	A	G
2154	58	gDNA	chr3	10146534	G	C
1813	58	gDNA	chr3	10146535	A	G
2054	58	gDNA	chr3	10146544	C	T
2060	58	gDNA	chr3	10146547	A	C
2053	58	gDNA	chr3	10146549	G	T
1886	58	gDNA	chr3	10146556	T	G
1875	58	gDNA	chr3	10146561	G	T
1970	58	gDNA	chr3	10146561	G	C
1953	58	gDNA	chr3	10146566	C	A
1994	58	gDNA	chr3	10146567	C	T
2125	58	gDNA	chr3	10146568	A	C
1884	58	gDNA	chr3	10146573	G	T
1906	58	gDNA	chr3	10146576	T	-
1801	58	gDNA	chr3	10146580	T	C
1814	58	gDNA	chr3	10146580	T	G
1928	58	gDNA	chr3	10146585	C	A
1917	58	gDNA	chr3	10146595	ATGTTGACGGACAGCCTAT	-
1989	58	gDNA	chr3	10146603	G	-
1850	58	gDNA	chr3	10146603	G	T
2059	58	gDNA	chr3	10146603	G	A
1883	58	gDNA	chr3	10146606	C	T
1781	58	gDNA	chr3	10146608	GC	-
2038	58	gDNA	chr3	10146612	A	G
2042	58	gDNA	chr3	10146618	G	-
820	58	gDNA	chr3	10146618	G	T
1744	58	gDNA	chr3	10146618	G	A
2162	58	gDNA	chr3	10146622	A	G
1871	58	gDNA	chr3	10146625	T	C
2244	58	gDNA	chr3	10146626	C	G
2085	58	gDNA	chr3	10146628	C	T
1923	58	gDNA	chr3	10146631	T	C
1771	58	gDNA	chr3	10146635	A	-
1782	58	gDNA	chr3	10146634	C	T
1962	58	gDNA	chr3	10146635	A	C
2076	58	gDNA	chr3	10146636	G	A
1972	58	gDNA	chr3	10146637	G	A
1998	58	gDNA	chr3	10146637	G	C
2048	58	gDNA	chr3	10146637	G	T
2075	58	gDNA	chr3	10146638	T	C
2146	58	gDNA	chr3	10146639	A	T
2292	58	gDNA	chr3	10146644	C	T
1992	58	gDNA	chr3	10149785	A	T
2078	58	gDNA	chr3	10149785	A	G
2093	58	gDNA	chr3	10149785	A	C
1974	58	gDNA	chr3	10149786	G	A
1990	58	gDNA	chr3	10149786	G	T
2077	58	gDNA	chr3	10149786	G	C
1909	58	gDNA	chr3	10149787	T	A
1934	58	gDNA	chr3	10149787	T	G
1967	58	gDNA	chr3	10149789	T	G
2013	58	gDNA	chr3	10149789	T	A
1946	58	gDNA	chr3	10149790	A	G
1968	58	gDNA	chr3	10149791	T	G
1745	58	gDNA	chr3	10149793	C	T
1803	58	gDNA	chr3	10149795	C	G
1738	58	gDNA	chr3	10149796	T	C
1919	58	gDNA	chr3	10149800	AG	-
2245	58	gDNA	chr3	10149801	G	T
2502	58	gDNA	chr3	10149802	A	T
1804	58	gDNA	chr3	10149804	C	T
1915	58	gDNA	chr3	10149804	C	G
1746	58	gDNA	chr3	10149805	G	A
1855	58	gDNA	chr3	10149805	G	C
1772	58	gDNA	chr3	10149807	T	C
1773	58	gDNA	chr3	10149808	G	T
1824	58	gDNA	chr3	10149808	G	A
1774	58	gDNA	chr3	10149809	C	G
1845	58	gDNA	chr3	10149813	C	T
1856	58	gDNA	chr3	10149814	A	G
2079	58	gDNA	chr3	10149814	A	T
1825	58	gDNA	chr3	10149819	G	T
1775	58	gDNA	chr3	10149820	T	A
1747	58	gDNA	chr3	10149822	C	T
1805	58	gDNA	chr3	10149822	C	G
1739	58	gDNA	chr3	10149823	G	A
1916	58	gDNA	chr3	10149823	G	T
2004	58	gDNA	chr3	10149826	G	-
1941	58	gDNA	chr3	10149826	G	C
1887	58	gDNA	chr3	10149829	T	C
1806	58	gDNA	chr3	10149831	G	T
1826	58	gDNA	chr3	10149832	T	A
1910	58	gDNA	chr3	10149832	T	C
1935	58	gDNA	chr3	10149832	T	G
1976	58	gDNA	chr3	10149840	G	T
1846	58	gDNA	chr3	10149846	T	G
2066	58	gDNA	chr3	10149846	T	A
2067	58	gDNA	chr3	10149847	A	G
1932	58	gDNA	chr3	10149848	C	A
1969	58	gDNA	chr3	10149848	C	G
1907	58	gDNA	chr3	10149850	G	-
1827	58	gDNA	chr3	10149852	A	T
1748	58	gDNA	chr3	10149856	T	C
1888	58	gDNA	chr3	10149856	T	G
1807	58	gDNA	chr3	10149861	A	G
2246	58	gDNA	chr3	10149862	T	A
1784	58	gDNA	chr3	10149871	C	A
2161	58	gDNA	chr3	10149871	C	T
1776	58	gDNA	chr3	10149874	T	C
1808	58	gDNA	chr3	10149874	T	G
1809	58	gDNA	chr3	10149878	C	G
1829	58	gDNA	chr3	10149879	GAA	-
2115	58	gDNA	chr3	10149878	C	A
1777	58	gDNA	chr3	10149879	G	T
1778	58	gDNA	chr3	10149879	G	A
1828	58	gDNA	chr3	10149886	T	-
1836	58	gDNA	chr3	10149885	C	G
1852	58	gDNA	chr3	10149886	T	C
1958	58	gDNA	chr3	10149893	C	-
1864	58	gDNA	chr3	10149896	C	-
2064	58	gDNA	chr3	10149897	C	T
2022	58	gDNA	chr3	10149902	TG	-
1810	58	gDNA	chr3	10149906	C	T
1913	58	gDNA	chr3	10149909	A	T
2147	58	gDNA	chr3	10149909	A	G
2105	58	gDNA	chr3	10149912	G	A
2010	58	gDNA	chr3	10149916	T	A
2247	58	gDNA	chr3	10149916	T	G
631	58	gDNA	chr3	10149921	C	T
1986	58	gDNA	chr3	10149964	G	T
1987	58	gDNA	chr3	10149965	A	G
1988	58	gDNA	chr3	10149965	A	T
747	3532	gDNA	chr3	36993548	A	T
725	3532	gDNA	chr3	36993584	G	-
745	3532	gDNA	chr3	36996648	T	C
759	3532	gDNA	chr3	36996696	G	A
757	3532	gDNA	chr3	36996701	G	A
758	3532	gDNA	chr3	36996705	T	G
741	3532	gDNA	chr3	37001045	C	T
743	3532	gDNA	chr3	37004444	C	T
753	3532	gDNA	chr3	37007055	C	T
750	3532	gDNA	chr3	37012060	T	-
754	3532	gDNA	chr3	37012098	C	T
731	3532	gDNA	chr3	37014545	G	A
749	3532	gDNA	chr3	37017508	C	G
752	3532	gDNA	chr3	37025868	G	A
744	3532	gDNA	chr3	37025874	C	-
769	3532	gDNA	chr3	37028843	T	C
728	3532	gDNA	chr3	37040227	GT	AG
756	3532	gDNA	chr3	37040235	T	-
751	3532	gDNA	chr3	37040279	A	C
730	3532	gDNA	chr3	37047603	GG	-
733	3532	gDNA	chr3	37047632	GAA	-
746	3532	gDNA	chr3	37048915	C	-
760	3532	gDNA	chr3	37048956	C	T
735	3532	gDNA	chr3	37048972	C	-
748	3532	gDNA	chr3	37050652	A	T
424	3742	gDNA	chr3	38141150	T	C
1285	1290	gDNA	chr3	41224633	A	G
1287	1290	gDNA	chr3	41224645	T	C
1286	1290	gDNA	chr3	41224646	C	T
643	779	gDNA	chr3	105720182	G	A
198	72	gDNA	chr3	138946321	G	C
271	524	gDNA	chr3	142555898	T	-
1500	37	gDNA	chr3	179199066	G	A
1178	37	gDNA	chr3	179199102	C	T
1234	37	gDNA	chr3	179199158	G	C
1499	37	gDNA	chr3	179199810	C	T
930	37	gDNA	chr3	179203765	T	A
1653	37	gDNA	chr3	179203779	A	G
1235	37	gDNA	chr3	179209622	A	G
931	37	gDNA	chr3	179210192	T	C
294	37	gDNA	chr3	179210438	C	T
103	37	gDNA	chr3	179218294	G	A
933	37	gDNA	chr3	179218294	G	C
104	37	gDNA	chr3	179218303	G	A
881	37	gDNA	chr3	179218303	G	C
882	37	gDNA	chr3	179218304	A	C
883	37	gDNA	chr3	179218304	A	G
884	37	gDNA	chr3	179218304	A	T
934	37	gDNA	chr3	179218305	G	C
885	37	gDNA	chr3	179218306	C	A
886	37	gDNA	chr3	179218306	C	G
935	37	gDNA	chr3	179234219	A	G
937	37	gDNA	chr3	179234286	G	T
938	37	gDNA	chr3	179234296	C	T
107	37	gDNA	chr3	179234297	A	G
1151	37	gDNA	chr3	179234297	A	T
939	37	gDNA	chr3	179234302	G	A
940	37	gDNA	chr3	179234302	G	C
628	23	gDNA	chr4	1801841	C	G
196	23	gDNA	chr4	1804372	A	G
247	38	gDNA	chr4	54274869	T	C
941	38	gDNA	chr4	54274869	T	A
862	38	gDNA	chr4	54274916	C	T
577	38	gDNA	chr4	54278380	C	T
863	38	gDNA	chr4	54285923	G	A
98	38	gDNA	chr4	54285925	GA	AT
100	38	gDNA	chr4	54285925	G	T
102	38	gDNA	chr4	54285926	ACATC	TCATG
99	38	gDNA	chr4	54285926	A	T
101	38	gDNA	chr4	54285927	CAT	-
864	38	gDNA	chr4	54285934	C	T
865	38	gDNA	chr4	54285959	G	A
946	29	gDNA	chr4	54726012	-	TGCCTA
1206	29	gDNA	chr4	54726012	-	TGCCTA
201	29	gDNA	chr4	54727298	A	C
949	29	gDNA	chr4	54727414	AGAAACCCATGTATGAAGTACAGTGGA	-
952	29	gDNA	chr4	54727425	T	G
955	29	gDNA	chr4	54727430	A	C
960	29	gDNA	chr4	54727437	TG	AC
958	29	gDNA	chr4	54727437	T	C
959	29	gDNA	chr4	54727437	T	G
963	29	gDNA	chr4	54727440	A	C
965	29	gDNA	chr4	54727441	A	G
202	29	gDNA	chr4	54727443	GTT	-
966	29	gDNA	chr4	54727443	GTT	-
969	29	gDNA	chr4	54727444	T	C
970	29	gDNA	chr4	54727444	T	G
971	29	gDNA	chr4	54727447	T	A
972	29	gDNA	chr4	54727447	T	G
974	29	gDNA	chr4	54727488	A	G
975	29	gDNA	chr4	54727492	A	T
72	29	gDNA	chr4	54727495	T	C
976	29	gDNA	chr4	54727498	C	T
978	29	gDNA	chr4	54728055	A	G
73	29	gDNA	chr4	54728092	T	C
979	29	gDNA	chr4	54728113	C	T
1267	29	gDNA	chr4	54729353	C	T
980	29	gDNA	chr4	54729419	C	T
981	29	gDNA	chr4	54729424	C	A
1264	29	gDNA	chr4	54733133	T	G
983	29	gDNA	chr4	54733154	G	C
65	29	gDNA	chr4	54733155	A	T
986	29	gDNA	chr4	54733166	G	T
1265	29	gDNA	chr4	54733167	A	C
1266	29	gDNA	chr4	54733167	A	G
1263	29	gDNA	chr4	54733174	T	A
1403	29	gDNA	chr4	54733174	T	G
989	29	gDNA	chr4	54733175	T	G
482	29	gDNA	chr4	54736599	G	C
467	3153	gDNA	chr4	55089802	C	T
502	3153	gDNA	chr4	55094892	G	A
468	3153	gDNA	chr4	55102013	T	A
260	7451	gDNA	chr4	88131171	G	T
1503	12903	gDNA	chr4	152326137	G	A
421	79	gDNA	chr5	1286401	C	A
248	79	gDNA	chr5	1295113	G	A
517	4941	gDNA	chr6	117308899	A	G
518	4941	gDNA	chr6	117310213	C	G
1271	4941	gDNA	chr6	117317184	C	T
1271	4941	gDNA	chr6	117317184	C	T
516	4941	gDNA	chr6	117317202	G	T
692	21	gDNA	chr6	152094402	T	C
46	21	gDNA	chr6	152098785	TC	AG
49	21	gDNA	chr6	152098787	T	A
48	21	gDNA	chr6	152098788	A	G
50	21	gDNA	chr6	152098788	A	C
47	21	gDNA	chr6	152098791	A	G
508	4371	gDNA	chr7	5982881	T	-
768	4371	gDNA	chr7	5992018	G	A
367	4753	gDNA	chr7	6387261	C	T
996	19	gDNA	chr7	55154129	C	T
454	19	gDNA	chr7	55160191	C	T
443	19	gDNA	chr7	55160233	G	A
455	19	gDNA	chr7	55160240	A	C
453	19	gDNA	chr7	55160316	C	A
134	19	gDNA	chr7	55174014	G	A
999	19	gDNA	chr7	55174015	G	C
317	19	gDNA	chr7	55174029	G	A
861	19	gDNA	chr7	55174033	C	T
1214	19	gDNA	chr7	55174774	AATTAAGAGAAGCAACA	TTGCT
724	19	gDNA	chr7	55174774	A	G
460	19	gDNA	chr7	55174794	C	T
723	19	gDNA	chr7	55174807	A	G
712	19	gDNA	chr7	55174818	G	T
562	19	gDNA	chr7	55181312	G	T
34	19	gDNA	chr7	55181378	C	T
415	19	gDNA	chr7	55181398	T	A
1017	19	gDNA	chr7	55191741	G	A
33	19	gDNA	chr7	55191822	T	G
263	4244	gDNA	chr7	87509329	A	G
262	4244	gDNA	chr7	87531302	A	T
451	4244	gDNA	chr7	87531302	A	C
649	52	gDNA	chr7	116783353	G	A
798	52	gDNA	chr7	116783354	A	T
1570	5365	gDNA	chr7	129206557	C	T
299	5365	gDNA	chr7	129209348	G	C
837	5365	gDNA	chr7	129210500	G	T
11	5	gDNA	chr7	140753335	CA	AT
584	5	gDNA	chr7	140753334	T	C
563	5	gDNA	chr7	140753336	AC	TT
12	5	gDNA	chr7	140753336	A	T
582	5	gDNA	chr7	140753345	AG	GA
288	5	gDNA	chr7	140753345	A	C
583	5	gDNA	chr7	140753345	A	T
585	5	gDNA	chr7	140753346	G	C
694	5	gDNA	chr7	140753349	C	A
1627	5	gDNA	chr7	140753349	C	G
1121	5	gDNA	chr7	140753350	A	C
579	5	gDNA	chr7	140753354	T	G
580	5	gDNA	chr7	140753354	T	A
611	5	gDNA	chr7	140753354	T	C
1107	5	gDNA	chr7	140753355	C	T
658	5	gDNA	chr7	140777994	A	T
581	5	gDNA	chr7	140778059	TT	CA
841	5	gDNA	chr7	140781602	C	A
992	5	gDNA	chr7	140781602	C	G
840	5	gDNA	chr7	140781603	C	G
1196	5	gDNA	chr7	140781611	C	G
2222	5	gDNA	chr7	140781611	C	A
1106	5	gDNA	chr7	140781617	C	A
515	1885	gDNA	chr8	38417331	G	T
615	28	gDNA	chr9	5070052	-	G
64	28	gDNA	chr9	5073770	G	T
792	4692	gDNA	chr9	8521481	C	T
1521	14	gDNA	chr9	21971029	C	T
641	14	gDNA	chr9	21975018	C	T
604	2317	gDNA	chr9	77794572	T	G
1596	4	gDNA	chr9	130862908	A	C
1021	4	gDNA	chr9	130862943	A	G
1022	4	gDNA	chr9	130862955	C	G
1023	4	gDNA	chr9	130862962	G	A
1599	4	gDNA	chr9	130862962	G	T
1024	4	gDNA	chr9	130862969	G	C
1025	4	gDNA	chr9	130862970	T	C
1026	4	gDNA	chr9	130862971	A	T
3	4	gDNA	chr9	130862976	G	A
1173	4	gDNA	chr9	130862977	A	T
1601	4	gDNA	chr9	130862987	G	T
1027	4	gDNA	chr9	130872133	A	G
1526	4	gDNA	chr9	130872141	G	A
1603	4	gDNA	chr9	130872147	G	A
1604	4	gDNA	chr9	130872171	G	A
1183	4	gDNA	chr9	130872181	A	T
1231	4	gDNA	chr9	130872201	G	C
1507	4	gDNA	chr9	130872883	T	A
1528	4	gDNA	chr9	130872883	T	C
2	4	gDNA	chr9	130872896	C	T
241	4	gDNA	chr9	130872901	T	C
1525	4	gDNA	chr9	130872901	T	G
1625	4	gDNA	chr9	130872901	T	A
1605	4	gDNA	chr9	130872976	T	C
1524	4	gDNA	chr9	130872980	T	C
1029	4	gDNA	chr9	130873004	T	C
1487	4	gDNA	chr9	130873016	A	G
892	4	gDNA	chr9	130873027	T	G
1523	4	gDNA	chr9	130873027	T	A
1184	4	gDNA	chr9	130873028	T	G
1606	4	gDNA	chr9	130874869	G	T
1607	4	gDNA	chr9	130874876	C	T
1608	4	gDNA	chr9	130874879	C	G
1609	4	gDNA	chr9	130874917	G	A
1230	4	gDNA	chr9	130874932	C	A
1232	4	gDNA	chr9	130874943	G	C
1611	4	gDNA	chr9	130874960	A	G
1030	4	gDNA	chr9	130874969	A	G
1531	4	gDNA	chr9	130874969	A	C
1612	4	gDNA	chr9	130874971	G	C
1233	4	gDNA	chr9	130874974	G	C
1532	4	gDNA	chr9	130875044	A	G
1617	4	gDNA	chr9	130878492	G	A
1618	4	gDNA	chr9	130878492	G	C
1496	4	gDNA	chr9	130878493	A	G
1534	4	gDNA	chr9	130878493	A	T
1619	4	gDNA	chr9	130878493	A	C
1509	4	gDNA	chr9	130878501	G	C
1535	4	gDNA	chr9	130878501	G	A
1536	4	gDNA	chr9	130878502	A	C
1620	4	gDNA	chr9	130878502	A	T
1621	4	gDNA	chr9	130878520	A	G
1152	4	gDNA	chr9	130880101	T	C
1538	4	gDNA	chr9	130880101	T	A
714	46	gDNA	chr9	132896546	G	A
207	50	gDNA	chr9	136496197	AG	-
136	50	gDNA	chr9	136496760	G	A
138	50	gDNA	chr9	136496917	-	A
1034	50	gDNA	chr9	136503316	A	G
135	50	gDNA	chr9	136504767	C	G
1031	50	gDNA	chr9	136504892	A	G
1140	50	gDNA	chr9	136504892	A	T
1033	50	gDNA	chr9	136504898	C	G
1127	50	gDNA	chr9	136504916	A	G
1174	50	gDNA	chr9	136504916	A	C
1142	50	gDNA	chr9	136504937	A	C
1143	50	gDNA	chr9	136504961	A	G
1144	50	gDNA	chr9	136504961	A	T
1032	50	gDNA	chr9	136504970	A	G
1145	50	gDNA	chr9	136504970	A	T
1260	42	gDNA	chr10	43113622	G	A
112	42	gDNA	chr10	43114502	C	G
113	42	gDNA	chr10	43121968	T	C
636	41	gDNA	chr10	87933147	C	T
838	41	gDNA	chr10	87952142	C	T
110	41	gDNA	chr10	87957915	C	T
605	41	gDNA	chr10	87961042	TACT	-
240	9189	gDNA	chr10	103090988	T	G
238	9189	gDNA	chr10	103093198	C	T
239	9189	gDNA	chr10	103093223	T	G
545	22	gDNA	chr10	121498520	A	T
338	34	gDNA	chr10	129467281	C	T
854	2747	gDNA	chr11	533874	T	A
274	2747	gDNA	chr11	534285	C	T
331	6104	gDNA	chr11	9578396	A	G
667	3485	gDNA	chr11	64804619	C	-
259	2473	gDNA	chr11	67585218	A	G
1153	69	gDNA	chr11	108245000	C	G
1155	69	gDNA	chr11	108245002	A	T
1157	69	gDNA	chr11	108271279	C	G
1158	69	gDNA	chr11	108271404	T	G
1159	69	gDNA	chr11	108272818	C	T
1170	69	gDNA	chr11	108293425	G	A
1168	69	gDNA	chr11	108299752	G	C
1160	69	gDNA	chr11	108310186	A	T
1161	69	gDNA	chr11	108316016	G	C
1169	69	gDNA	chr11	108316100	C	T
1162	69	gDNA	chr11	108321407	G	T
1171	69	gDNA	chr11	108326070	G	A
1163	69	gDNA	chr11	108329211	T	C
1156	69	gDNA	chr11	108330281	C	T
1172	69	gDNA	chr11	108330369	G	A
901	69	gDNA	chr11	108333954	A	G
1164	69	gDNA	chr11	108335887	T	G
244	69	gDNA	chr11	108347317	A	C
902	69	gDNA	chr11	108347362	C	G
903	69	gDNA	chr11	108365359	C	T
904	69	gDNA	chr11	108365360	G	A
812	1769	gDNA	chr12	11884541	G	A
811	1769	gDNA	chr12	11885968	C	T
778	8450	gDNA	chr12	21176804	A	G
777	8450	gDNA	chr12	21178615	T	C
254	30	gDNA	chr12	25207290	A	C
322	30	gDNA	chr12	25225627	G	A
905	30	gDNA	chr12	25225628	C	G
906	30	gDNA	chr12	25225628	C	T
1120	30	gDNA	chr12	25225713	T	A
907	30	gDNA	chr12	25227341	T	G
908	30	gDNA	chr12	25227342	T	A
909	30	gDNA	chr12	25227342	T	C
1103	30	gDNA	chr12	25227342	T	G
910	30	gDNA	chr12	25227343	G	T
1104	30	gDNA	chr12	25227343	G	C
1491	30	gDNA	chr12	25227349	C	T
479	30	gDNA	chr12	25245321	G	A
1517	30	gDNA	chr12	25245346	GC	AA
81	30	gDNA	chr12	25245347	C	T
911	30	gDNA	chr12	25245348	C	A
1395	30	gDNA	chr12	25245348	C	G
1396	30	gDNA	chr12	25245348	C	T
79	30	gDNA	chr12	25245350	C	T
148	30	gDNA	chr12	25245350	C	G
425	30	gDNA	chr12	25245350	C	A
78	30	gDNA	chr12	25245351	C	A
530	30	gDNA	chr12	25245351	C	G
913	30	gDNA	chr12	25245351	C	T
702	1733	gDNA	chr12	56085067	C	G
701	1733	gDNA	chr12	56085070	G	A
703	1733	gDNA	chr12	56088138	G	A
781	1733	gDNA	chr12	56097888	T	C
556	13	gDNA	chr12	57751648	G	A
495	3465	gDNA	chr12	68808800	T	G
699	7954	gDNA	chr12	111446804	T	C
1302	24	gDNA	chr13	28018504	T	A
437	24	gDNA	chr13	28018505	C	A
437	24	gDNA	chr13	28018505	C	A
612	24	gDNA	chr13	28018505	C	G
540	24	gDNA	chr13	28050157	G	A
1247	7	gDNA	chr13	32316462	T	G
1248	7	gDNA	chr13	32316463	G	T
1249	7	gDNA	chr13	32326150	G	A
1250	7	gDNA	chr13	32326614	G	C
1251	7	gDNA	chr13	32326614	G	A
1252	7	gDNA	chr13	32346896	G	C
1253	7	gDNA	chr13	32346896	G	A
661	7	gDNA	chr13	32394717	C	A
638	4795	gDNA	chr13	48459809	-	A
255	1741	gDNA	chr13	102845848	A	G
433	2596	gDNA	chr14	61747130	T	C
332	1950	gDNA	chr14	64986345	G	C
169	2	gDNA	chr14	104776711	G	T
4	2	gDNA	chr14	104780214	C	T
616	537	gDNA	chr15	44711588	TCTT	-
1270	31	gDNA	chr15	66435103	T	C
655	31	gDNA	chr15	66435111	CCAGAAGCAGAAGGT	-
83	31	gDNA	chr15	66435113	A	C
627	31	gDNA	chr15	66436816	G	C
82	31	gDNA	chr15	66436824	C	T
1626	31	gDNA	chr15	66481793	G	A
462	39	gDNA	chr15	74022872	C	T
463	39	gDNA	chr15	74022878	T	C
805	3985	gDNA	chr15	87933034	C	T
63	27	gDNA	chr15	90088606	C	T
469	47	gDNA	chr16	2080299	C	T
402	1463	gDNA	chr16	69711242	G	A
2165	1810	gDNA	chr16	89748744	G	A
1108	45	gDNA	chr17	7673775	C	A
122	45	gDNA	chr17	7673802	C	T
918	45	gDNA	chr17	7673802	C	A
121	45	gDNA	chr17	7673803	G	A
119	45	gDNA	chr17	7674217	C	G
117	45	gDNA	chr17	7674220	C	T
118	45	gDNA	chr17	7674221	G	A
1068	45	gDNA	chr17	7674262	T	C
922	45	gDNA	chr17	7674872	T	C
1109	45	gDNA	chr17	7674893	C	G
116	45	gDNA	chr17	7675088	C	T
1092	45	gDNA	chr17	7675143	C	A
1254	45	gDNA	chr17	7675184	A	G
531	45	gDNA	chr17	7676154	G	C
504	45	gDNA	chr17	7676230	G	A
471	4765	gDNA	chr17	35106406	G	A
38	20	gDNA	chr17	39711952	G	C
497	20	gDNA	chr17	39711955	C	T
42	20	gDNA	chr17	39723405	G	A
37	20	gDNA	chr17	39723966	TTGAGGGAAAACACA	-
39	20	gDNA	chr17	39723967	T	C
40	20	gDNA	chr17	39723967	T	G
35	20	gDNA	chr17	39724008	G	C
36	20	gDNA	chr17	39724008	G	T
872	20	gDNA	chr17	39724736	T	C
44	20	gDNA	chr17	39724747	G	T
41	20	gDNA	chr17	39724749	-	GGCTCCCCA
1305	20	gDNA	chr17	39724811	CA	TG
45	20	gDNA	chr17	39725079	G	A
873	20	gDNA	chr17	39725125	A	G
871	20	gDNA	chr17	39725139	A	G
496	20	gDNA	chr17	39725151	C	A
2330	20	gDNA	chr17	39725161	T	G
874	20	gDNA	chr17	39725187	C	T
43	20	gDNA	chr17	39725363	C	T
1244	6	gDNA	chr17	43067608	C	T
1243	6	gDNA	chr17	43074331	C	T
1242	6	gDNA	chr17	43076488	C	A
1246	6	gDNA	chr17	43076573	G	A
1245	6	gDNA	chr17	43082434	G	A
477	6	gDNA	chr17	43092628	-	GA
1241	6	gDNA	chr17	43106456	C	T
1240	6	gDNA	chr17	43106457	T	C
1239	6	gDNA	chr17	43106477	C	T
1238	6	gDNA	chr17	43106487	A	C
1237	6	gDNA	chr17	43124094	C	A
1236	6	gDNA	chr17	43124096	T	C
772	8351	gDNA	chr17	48728343	C	T
351	10024	gDNA	chr18	44951948	G	A
634	5534	gDNA	chr19	1220490	C	A
566	4546	gDNA	chr19	7910272	G	A
1289	3091	gDNA	chr19	17834887	C	T
1288	3091	gDNA	chr19	17838299	C	T
1290	3091	gDNA	chr19	17844237	T	A
261	6144	gDNA	chr19	43551574	T	C
249	6144	gDNA	chr19	43553422	G	A
264	1736	gDNA	chr19	45351661	T	G
548	9722	gDNA	chr19	48873985	G	C
826	2319	gDNA	chr20	58909365	C	T
803	43	gDNA	chr21	34799407	G	T
806	43	gDNA	chr21	34859495	C	A
810	43	gDNA	chr21	34880616	GCTGCGGT	-
807	43	gDNA	chr21	34880665	C	G
802	43	gDNA	chr21	34886866	T	C
445	1763	gDNA	chr21	38819714	A	G
127	48	gDNA	chr21	43094667	T	G
128	48	gDNA	chr21	43104346	G	A
787	8950	gDNA	chr22	28725099	A	G
245	3870	gDNA	chr22	29655603	-	T
10	3	gDNA	chrX	47566722	C	G
175	67	gDNA	chrX	67723707	T	C
168	65	gDNA	chrX	101356177	A	T
870	65	gDNA	chrX	101358645	T	C
137	50	cDNA	chr9	136496409	G	TGT
243	69	cDNA	chr11	108326113	TC	-
522	5	cDNA	chr7	140778038	AGGTGCTGTCACATTCAA	-
613	24	cDNA	chr13	28018505	C	G
613	24	cDNA	chr13	28018505	C	A
736	19	cDNA	chr7	55181305	-	TGGCCAGCG
816	20	cDNA	chr17	39724744	GG	CT
817	20	cDNA	chr17	39724749	-	GGCTCCCCA
950	29	cDNA	chr4	54727420	C	T
951	29	cDNA	chr4	54727422	ATGTATGAAGTACAGTGG	-
954	29	cDNA	chr4	54727428	GAAGTACAGTGGAAG	-
956	29	cDNA	chr4	54727431	GTACAG	-
964	29	cDNA	chr4	54727440	AAGGTT	-
967	29	cDNA	chr4	54727443	GTTGTT	-
977	29	cDNA	chr4	54727501	ATG	-
1187	19	cDNA	chr7	55191839	G	A
1308	20	cDNA	chr17	39724006	T	C
1312	20	cDNA	chr17	39723960	A	G
1474	19	cDNA	chr7	55191824	G	A
1488	4	cDNA	chr9	130874941	T	A
1492	1	cDNA	chr2	29220830	A	C
1494	4	cDNA	chr9	130872135	A	G
1495	4	cDNA	chr9	130878457	C	G
1505	1	cDNA	chr2	29220831	A	C
1506	4	cDNA	chr9	130872198	C	G
1508	4	cDNA	chr9	130874872	C	A
1522	14	cDNA	chr9	21974770	C	G
1527	4	cDNA	chr9	130872205	A	G
1529	4	cDNA	chr9	130872944	A	G
1530	4	cDNA	chr9	130874873	T	C
1533	4	cDNA	chr9	130878439	T	C
1537	4	cDNA	chr9	130880082	C	G
1540	38	cDNA	chr4	54285856	C	A
1552	4532	cDNA	chr22	21772873	C	T
1553	1	cDNA	chr2	29220764	A	T
1554	1	cDNA	chr2	29222404	A	G
1556	1	cDNA	chr2	29220758	A	G
1574	19	cDNA	chr7	55181399	G	A
1595	4	cDNA	chr9	130862815	A	T
1597	4	cDNA	chr9	130862922	A	G
1598	4	cDNA	chr9	130862938	T	C
1600	4	cDNA	chr9	130862968	A	G
1602	4	cDNA	chr9	130863030	T	A
1610	4	cDNA	chr9	130874944	A	T
1613	4	cDNA	chr9	130875032	C	A
1614	4	cDNA	chr9	130875034	A	G
1615	4	cDNA	chr9	130875035	T	G
1616	4	cDNA	chr9	130878466	C	T
1622	4	cDNA	chr9	130878560	G	A
1623	4	cDNA	chr9	130880083	C	T
1624	4	cDNA	chr9	130880526	G	A
1640	4	cDNA	chr9	130872959	A	G
1656	4	cDNA	chr9	130872946	C	T
1673	1734	cDNA	chr2	211387009	C	A
1769	58	cDNA	chr3	10146577	T	A
1780	58	cDNA	chr3	10149849	A	-
1786	58	cDNA	chr3	10142022	C	-
1790	58	cDNA	chr3	10142074	-	C
1792	58	cDNA	chr3	10142087	T	G
1795	58	cDNA	chr3	10142156	TG	-
1800	58	cDNA	chr3	10146563	TA	-
1812	58	cDNA	chr3	10142124	G	-
1816	58	cDNA	chr3	10142061	T	-
1820	58	cDNA	chr3	10146519	C	G
1823	58	cDNA	chr3	10146594	A	-
1861	58	cDNA	chr3	10149886	T	A
1862	58	cDNA	chr3	10149798	A	G
1895	19	cDNA	chr7	55181425	A	G
1905	58	cDNA	chr3	10146540	G	-
1908	58	cDNA	chr3	10142111	G	A
1918	58	cDNA	chr3	10146547	-	C
1924	58	cDNA	chr3	10149886	T	G
1943	58	cDNA	chr3	10149815	G	C
1957	58	cDNA	chr3	10146518	C	G
1964	58	cDNA	chr3	10142026	G	-
1965	58	cDNA	chr3	10142173	T	-
1975	58	cDNA	chr3	10149822	CGGAGC	T
1977	58	cDNA	chr3	10149902	TG	-
1996	58	cDNA	chr3	10146556	T	-
2000	58	cDNA	chr3	10146517	A	G
2002	58	cDNA	chr3	10142062	C	-
2005	58	cDNA	chr3	10149839	T	-
2009	58	cDNA	chr3	10142125	G	T
2024	58	cDNA	chr3	10149972	C	G
2029	58	cDNA	chr3	10146617	TGCCAATATCACAC	-
2030	58	cDNA	chr3	10146626	C	G
2032	58	cDNA	chr3	10149800	AG	-
2033	58	cDNA	chr3	10149811	T	A
2034	58	cDNA	chr3	10146559	T	C
2035	58	cDNA	chr3	10149806	A	-
2040	58	cDNA	chr3	10149799	-	AC
2055	58	cDNA	chr3	10146609	C	-
2057	58	cDNA	chr3	10146517	A	-
2069	58	cDNA	chr3	10142137	C	T
2070	58	cDNA	chr3	10149874	T	A
2080	58	cDNA	chr3	10149850	G	-
2088	58	cDNA	chr3	10142071	TCT	-
2098	58	cDNA	chr3	10149798	A	-
2100	58	cDNA	chr3	10149871	C	-
2112	58	cDNA	chr3	10142079	A	G
2117	58	cDNA	chr3	10142131	C	G
2118	58	cDNA	chr3	10142155	C	T
2120	58	cDNA	chr3	10146586	C	T
2126	58	cDNA	chr3	10149915	CT	-
2127	58	cDNA	chr3	10142126	C	-
2128	58	cDNA	chr3	10142138	C	G
2135	58	cDNA	chr3	10146542	GACACAC	-
2137	58	cDNA	chr3	10149797	GAA	C
2138	58	cDNA	chr3	10149848	C	-
2139	58	cDNA	chr3	10149885	C	-
2140	58	cDNA	chr3	10149907	AG	-
2141	58	cDNA	chr3	10149912	G	-
2145	58	cDNA	chr3	10142029	CCGT	-
2155	58	cDNA	chr3	10146604	-	A
2157	58	cDNA	chr3	10146556	T	C
2177	58	cDNA	chr3	10142009	G	C
2346	3532	cDNA	chr3	36993647	G	A
2370	4	cDNA	chr9	130878519	G	A
2488	58	cDNA	chr3	10149963	T	G
